EmployeeID,Name,Age,Gender,Department,JobRole,Education,EducationField,MaritalStatus,MonthlyIncome,HourlyRate,DailyRate,MonthlyRate,OverTime,TotalWorkingYears,YearsAtCompany,YearsInCurrentRole,YearsSinceLastPromotion,YearsWithCurrManager,JobSatisfaction,WorkLifeBalance,EnvironmentSatisfaction,BusinessTravel,DistanceFromHome,Attrition
1001,Employee_1,50,Male,Sales,Executive,High School,Medical,Single,18754,159,1065,6451,No,26,15,10,5,6,1,1,2,Non-Travel,10,No
1002,Employee_2,36,Female,Sales,Manager,Master,Engineering,Divorced,42044,68,338,9548,No,23,16,10,1,8,4,1,2,Travel_Rarely,25,No
1003,Employee_3,29,Male,IT,Analyst,PhD,Medical,Single,82260,81,1195,8186,Yes,18,14,2,2,9,3,3,1,Travel_Frequently,34,No
1004,Employee_4,42,Female,IT,Scientist,PhD,Arts,Single,81912,186,634,7102,No,32,2,11,6,4,3,3,3,Travel_Frequently,37,Yes
1005,Employee_5,40,Female,Operations,Manager,Master,Business,Divorced,23706,61,708,1619,No,3,11,2,1,0,4,4,4,Non-Travel,30,No
1006,Employee_6,44,Female,HR,Executive,PhD,Business,Married,23894,188,472,1882,Yes,3,8,9,5,1,4,1,2,Non-Travel,7,Yes
1007,Employee_7,32,Male,R&D,Analyst,PhD,Business,Single,33037,95,1322,4642,No,30,11,10,4,3,1,3,1,Travel_Rarely,6,Yes
1008,Employee_8,32,Female,R&D,Technician,High School,Business,Divorced,98986,168,303,2296,Yes,1,14,0,9,4,2,3,2,Travel_Rarely,3,No
1009,Employee_9,45,Female,Operations,Executive,Master,Business,Single,96942,65,1437,15122,Yes,30,1,5,0,8,3,4,4,Non-Travel,13,No
1010,Employee_10,57,Female,Finance,Executive,Bachelor,Business,Single,66612,178,961,3895,No,32,17,1,9,0,2,2,3,Non-Travel,3,Yes
1011,Employee_11,45,Female,HR,Analyst,High School,Business,Married,44725,112,986,18313,No,28,19,0,3,2,2,1,3,Travel_Frequently,26,No
1012,Employee_12,24,Male,Operations,Executive,Master,Arts,Single,20926,158,364,6366,No,21,11,1,1,4,4,3,3,Travel_Frequently,24,Yes
1013,Employee_13,43,Female,HR,Analyst,High School,Engineering,Divorced,119555,168,1198,9711,Yes,13,3,11,3,2,2,4,1,Travel_Frequently,6,No
1014,Employee_14,23,Male,HR,Manager,Bachelor,Science,Single,24496,70,719,19793,Yes,27,15,5,0,3,1,4,1,Non-Travel,12,No
1015,Employee_15,45,Male,HR,Analyst,Bachelor,Medical,Married,71447,62,716,9199,Yes,7,15,3,1,2,4,4,3,Non-Travel,36,No
1016,Employee_16,51,Male,Operations,Analyst,Master,Science,Married,116604,53,856,11717,No,22,0,5,7,3,2,3,4,Non-Travel,2,Yes
1017,Employee_17,59,Male,R&D,Scientist,Bachelor,Science,Divorced,44806,151,812,4423,No,10,1,11,5,0,4,1,4,Travel_Frequently,11,No
1018,Employee_18,23,Male,R&D,Analyst,High School,Engineering,Married,103199,108,363,11211,No,15,2,8,1,7,1,2,1,Non-Travel,39,No
1019,Employee_19,42,Male,HR,Analyst,Bachelor,Engineering,Single,56321,177,263,13782,No,15,19,9,5,3,1,1,3,Travel_Rarely,34,No
1020,Employee_20,54,Female,Finance,Technician,High School,Engineering,Married,117031,76,1314,13474,Yes,4,16,11,9,6,2,4,4,Non-Travel,26,No
1021,Employee_21,33,Male,Sales,Manager,High School,Business,Divorced,80095,118,1340,4667,Yes,32,19,9,8,1,4,4,4,Non-Travel,18,No
1022,Employee_22,43,Male,Operations,Scientist,Bachelor,Arts,Married,37656,74,466,9277,Yes,23,0,7,6,1,2,2,4,Non-Travel,21,Yes
1023,Employee_23,46,Male,Sales,Technician,Master,Business,Married,70147,180,1363,13424,Yes,6,19,0,8,5,2,1,1,Non-Travel,36,No
1024,Employee_24,48,Female,Finance,Developer,PhD,Arts,Married,106396,146,445,19852,No,24,5,7,4,1,4,4,3,Non-Travel,22,No
1025,Employee_25,49,Female,Operations,Manager,Bachelor,Arts,Divorced,64666,74,594,19020,No,20,14,8,6,5,2,4,2,Travel_Rarely,30,Yes
1026,Employee_26,37,Male,HR,Manager,High School,Science,Married,97368,197,675,9155,No,20,13,5,6,1,1,1,3,Travel_Rarely,30,No
1027,Employee_27,36,Female,R&D,Developer,High School,Science,Married,53787,175,1176,4583,Yes,12,19,9,2,3,4,4,3,Non-Travel,8,Yes
1028,Employee_28,24,Male,Sales,Analyst,Bachelor,Arts,Single,77946,182,1407,16515,Yes,33,14,4,6,6,4,1,1,Travel_Frequently,34,No
1029,Employee_29,58,Male,IT,Technician,Master,Arts,Divorced,36727,58,1243,5009,No,28,13,5,0,7,4,4,4,Non-Travel,9,No
1030,Employee_30,28,Female,IT,Executive,Master,Business,Married,110081,165,757,11410,No,8,4,5,8,2,4,1,4,Non-Travel,20,No
1031,Employee_31,42,Male,Finance,Scientist,High School,Business,Divorced,83056,183,1217,19601,Yes,1,5,8,9,8,2,2,1,Non-Travel,25,No
1032,Employee_32,30,Female,HR,Executive,High School,Science,Married,18081,109,1082,5967,No,22,16,3,5,1,2,4,1,Travel_Frequently,19,No
1033,Employee_33,39,Female,Sales,Developer,Master,Engineering,Married,49196,170,346,19753,Yes,6,10,1,4,7,1,2,1,Travel_Frequently,5,No
1034,Employee_34,25,Male,HR,Manager,PhD,Arts,Married,51735,188,865,11695,Yes,21,15,10,6,7,3,4,1,Travel_Frequently,11,Yes
1035,Employee_35,46,Male,Sales,Manager,Bachelor,Business,Single,119749,157,819,10135,Yes,32,11,10,4,3,3,4,1,Travel_Rarely,15,No
1036,Employee_36,35,Female,Finance,Scientist,High School,Science,Single,95102,157,1019,6722,No,15,14,8,9,0,1,3,2,Travel_Frequently,8,Yes
1037,Employee_37,30,Male,Finance,Manager,High School,Business,Single,94578,180,1063,16514,No,5,3,1,4,0,3,1,3,Travel_Rarely,19,No
1038,Employee_38,47,Male,IT,Manager,Master,Arts,Divorced,40498,125,781,12128,Yes,6,17,9,9,1,1,2,3,Travel_Rarely,23,No
1039,Employee_39,23,Male,HR,Scientist,Bachelor,Arts,Divorced,91865,79,1222,5444,No,25,2,8,6,8,2,2,3,Travel_Frequently,27,No
1040,Employee_40,41,Female,Operations,Technician,Master,Medical,Single,46656,70,894,8618,Yes,29,7,1,9,1,4,2,4,Travel_Frequently,32,No
1041,Employee_41,49,Female,IT,Technician,Bachelor,Engineering,Divorced,82695,83,1451,19060,Yes,7,2,11,6,1,4,1,2,Travel_Frequently,26,No
1042,Employee_42,28,Male,HR,Scientist,Bachelor,Medical,Married,52900,90,1325,2196,Yes,13,7,7,2,5,2,3,3,Travel_Rarely,27,No
1043,Employee_43,29,Female,IT,Developer,Bachelor,Science,Married,99899,100,1439,13297,Yes,18,17,8,2,6,4,2,4,Non-Travel,19,Yes
1044,Employee_44,56,Female,Operations,Manager,High School,Business,Married,62701,131,606,3787,No,2,9,11,9,6,4,1,2,Travel_Frequently,29,No
1045,Employee_45,35,Female,R&D,Manager,PhD,Science,Single,34033,107,598,8927,Yes,8,19,9,2,8,3,4,2,Travel_Frequently,39,Yes
1046,Employee_46,38,Female,R&D,Developer,Master,Arts,Divorced,25805,124,914,3176,Yes,11,16,8,5,5,2,2,4,Travel_Frequently,33,Yes
1047,Employee_47,57,Female,R&D,Technician,PhD,Medical,Single,50851,72,903,9792,No,33,7,9,5,7,3,2,2,Travel_Rarely,19,No
1048,Employee_48,25,Male,R&D,Analyst,Master,Medical,Divorced,41832,177,960,10171,Yes,27,10,8,2,5,3,3,4,Travel_Rarely,37,Yes
1049,Employee_49,23,Male,Sales,Analyst,Bachelor,Medical,Married,78437,199,698,3451,Yes,20,4,1,2,1,4,2,3,Non-Travel,19,No
1050,Employee_50,27,Male,R&D,Analyst,High School,Science,Single,28944,66,1173,1628,No,12,12,3,7,0,4,2,4,Travel_Frequently,33,Yes
1051,Employee_51,25,Female,Operations,Technician,PhD,Arts,Divorced,34873,118,281,10821,No,31,4,6,7,4,2,4,2,Travel_Rarely,16,Yes
1052,Employee_52,50,Female,Finance,Technician,High School,Business,Divorced,55372,157,803,8778,No,27,12,11,6,8,4,1,3,Non-Travel,23,Yes
1053,Employee_53,39,Male,Finance,Developer,Master,Business,Married,104464,188,971,4696,Yes,32,5,1,9,7,4,1,3,Travel_Frequently,7,No
1054,Employee_54,47,Female,Sales,Manager,High School,Science,Single,30379,143,1102,13972,No,10,4,0,3,3,2,3,1,Travel_Rarely,26,Yes
1055,Employee_55,55,Male,R&D,Developer,High School,Medical,Single,51751,64,564,9307,No,3,8,2,3,4,4,4,1,Travel_Frequently,32,No
1056,Employee_56,31,Male,R&D,Developer,PhD,Engineering,Single,115082,140,362,5956,Yes,27,15,11,2,4,3,1,2,Travel_Frequently,12,Yes
1057,Employee_57,57,Male,R&D,Technician,Bachelor,Science,Married,104822,82,1271,11195,Yes,31,1,3,4,5,2,4,4,Travel_Rarely,8,No
1058,Employee_58,35,Female,IT,Analyst,High School,Science,Single,20110,174,710,18076,Yes,15,0,7,2,2,4,1,4,Travel_Rarely,5,Yes
1059,Employee_59,52,Female,HR,Executive,Bachelor,Arts,Married,69341,65,315,2105,Yes,16,7,5,7,4,1,4,2,Travel_Rarely,28,No
1060,Employee_60,36,Male,IT,Manager,Master,Business,Married,27087,115,1140,19545,Yes,13,18,10,6,1,2,3,3,Travel_Frequently,5,No
1061,Employee_61,29,Male,HR,Technician,High School,Science,Married,38762,96,536,16417,No,11,10,1,2,9,2,2,2,Travel_Frequently,26,Yes
1062,Employee_62,35,Male,R&D,Analyst,PhD,Science,Divorced,97617,197,1080,15188,No,21,11,8,8,0,1,3,2,Non-Travel,5,No
1063,Employee_63,44,Male,R&D,Executive,Master,Medical,Single,115483,173,936,13602,No,11,11,1,4,0,4,1,3,Travel_Frequently,22,No
1064,Employee_64,42,Female,IT,Executive,Master,Medical,Single,24596,50,1039,10256,Yes,30,6,11,8,9,4,3,4,Travel_Rarely,15,No
1065,Employee_65,37,Female,IT,Technician,PhD,Engineering,Married,118555,136,346,15212,Yes,22,12,4,6,6,2,2,2,Travel_Frequently,13,No
1066,Employee_66,39,Male,HR,Scientist,High School,Arts,Married,33313,177,642,2913,Yes,31,7,11,6,1,2,3,4,Non-Travel,28,No
1067,Employee_67,45,Male,Finance,Manager,High School,Engineering,Single,81549,116,1036,11593,No,14,8,3,5,3,4,1,2,Non-Travel,33,No
1068,Employee_68,47,Female,HR,Executive,Master,Medical,Married,38705,53,1236,2772,No,24,6,6,1,4,4,1,3,Travel_Rarely,23,No
1069,Employee_69,46,Female,IT,Technician,High School,Business,Single,82364,96,1142,13996,Yes,32,14,7,8,6,3,3,3,Travel_Rarely,33,No
1070,Employee_70,50,Male,Operations,Technician,Bachelor,Medical,Divorced,88445,87,486,3871,No,32,1,4,5,1,2,2,1,Non-Travel,18,No
1071,Employee_71,36,Male,IT,Analyst,PhD,Arts,Married,118892,192,919,14234,Yes,15,19,9,7,5,2,3,3,Non-Travel,30,No
1072,Employee_72,22,Male,Operations,Scientist,Bachelor,Medical,Single,93645,70,1337,18044,No,3,11,4,0,0,1,2,1,Non-Travel,26,No
1073,Employee_73,46,Female,Sales,Manager,High School,Arts,Married,17023,106,679,11521,No,16,0,1,4,6,3,4,2,Travel_Rarely,16,Yes
1074,Employee_74,28,Female,IT,Developer,Master,Arts,Single,74796,166,221,11642,No,5,7,7,0,8,4,2,4,Non-Travel,13,No
1075,Employee_75,30,Female,Sales,Analyst,PhD,Arts,Single,95073,95,882,2132,Yes,21,4,1,9,4,3,4,3,Non-Travel,39,Yes
1076,Employee_76,45,Male,Finance,Executive,High School,Arts,Married,107197,191,1105,1699,No,10,14,9,7,4,4,3,3,Travel_Rarely,33,No
1077,Employee_77,22,Male,HR,Executive,High School,Arts,Divorced,79429,194,519,15534,No,19,0,11,7,3,4,2,3,Travel_Frequently,26,No
1078,Employee_78,29,Female,Operations,Analyst,Master,Business,Single,119195,88,325,11230,Yes,25,0,5,0,2,3,4,2,Travel_Frequently,1,No
1079,Employee_79,45,Female,HR,Technician,Master,Engineering,Single,76627,186,476,7297,No,4,9,7,8,8,2,4,1,Non-Travel,38,Yes
1080,Employee_80,32,Male,Sales,Executive,Bachelor,Science,Single,48848,148,1427,13839,Yes,29,9,5,1,4,4,4,2,Travel_Frequently,2,No
1081,Employee_81,38,Female,Operations,Scientist,PhD,Engineering,Divorced,52804,126,393,8812,Yes,19,14,3,8,7,3,1,4,Travel_Frequently,6,No
1082,Employee_82,29,Female,HR,Manager,PhD,Arts,Divorced,30379,164,895,5557,Yes,2,16,3,0,8,1,3,2,Travel_Frequently,38,No
1083,Employee_83,56,Male,IT,Scientist,Master,Business,Married,74664,183,256,3179,Yes,10,5,5,9,4,3,4,4,Travel_Frequently,24,No
1084,Employee_84,56,Female,R&D,Executive,Bachelor,Medical,Divorced,42766,140,1386,12030,Yes,25,2,3,8,9,1,2,3,Non-Travel,18,No
1085,Employee_85,54,Male,Sales,Developer,PhD,Business,Married,83099,147,218,10065,No,20,12,7,3,8,4,4,4,Travel_Frequently,27,Yes
1086,Employee_86,26,Male,HR,Manager,Master,Arts,Married,51060,169,463,9275,Yes,19,15,8,8,1,3,1,4,Travel_Frequently,8,Yes
1087,Employee_87,49,Male,Sales,Manager,High School,Business,Divorced,109733,95,993,18806,Yes,23,7,0,6,8,3,3,1,Travel_Rarely,28,No
1088,Employee_88,28,Male,Sales,Analyst,PhD,Business,Married,84122,87,312,16089,Yes,24,14,3,5,3,1,1,4,Non-Travel,10,Yes
1089,Employee_89,30,Male,Operations,Analyst,Bachelor,Arts,Divorced,31087,191,741,4180,Yes,11,16,3,4,5,3,1,4,Travel_Rarely,17,No
1090,Employee_90,29,Male,Operations,Developer,Bachelor,Business,Married,63868,149,846,7696,No,34,16,1,8,5,3,1,2,Travel_Rarely,29,No
1091,Employee_91,33,Male,R&D,Technician,Bachelor,Science,Divorced,38225,121,778,10583,Yes,28,12,5,1,5,4,2,3,Non-Travel,6,No
1092,Employee_92,55,Female,IT,Manager,High School,Science,Divorced,110286,84,1288,17998,No,5,16,2,1,1,3,3,2,Travel_Frequently,14,Yes
1093,Employee_93,54,Male,Sales,Developer,PhD,Business,Married,21643,196,224,14869,Yes,5,5,6,8,6,2,3,2,Travel_Rarely,22,No
1094,Employee_94,44,Male,HR,Analyst,PhD,Medical,Single,108059,79,200,12757,No,21,16,10,2,5,1,2,3,Non-Travel,6,No
1095,Employee_95,45,Female,Finance,Analyst,High School,Arts,Married,51727,127,1110,17654,Yes,12,15,10,7,0,3,3,3,Travel_Frequently,26,No
1096,Employee_96,58,Female,Sales,Manager,PhD,Science,Divorced,26005,133,340,13258,Yes,4,13,4,8,1,1,1,4,Non-Travel,39,Yes
1097,Employee_97,56,Female,Sales,Scientist,High School,Medical,Single,80697,162,847,3468,No,20,12,3,7,6,1,3,4,Travel_Rarely,12,No
1098,Employee_98,43,Male,R&D,Executive,High School,Business,Married,31029,74,387,15208,Yes,25,5,4,3,0,1,2,1,Travel_Frequently,35,No
1099,Employee_99,48,Female,IT,Analyst,High School,Medical,Married,29226,137,1351,16042,No,14,2,7,0,0,3,1,2,Travel_Frequently,14,No
1100,Employee_100,56,Male,Finance,Technician,Bachelor,Engineering,Married,78646,63,400,16639,Yes,11,13,2,3,0,3,2,3,Non-Travel,22,No
1101,Employee_101,22,Male,Operations,Technician,PhD,Science,Single,75603,151,1350,12546,No,32,13,6,8,7,1,4,4,Travel_Frequently,23,Yes
1102,Employee_102,56,Male,Operations,Analyst,High School,Business,Divorced,43731,199,456,13327,Yes,11,14,5,1,3,2,1,3,Travel_Rarely,7,Yes
1103,Employee_103,58,Male,HR,Scientist,PhD,Arts,Married,83926,132,746,15270,Yes,18,7,11,2,3,1,1,4,Travel_Rarely,25,No
1104,Employee_104,35,Female,Finance,Scientist,Bachelor,Business,Married,20997,159,393,16523,No,27,14,0,9,1,2,3,1,Travel_Rarely,13,No
1105,Employee_105,24,Female,Operations,Developer,High School,Arts,Married,70506,180,902,15300,Yes,18,12,6,7,0,1,1,1,Non-Travel,21,No
1106,Employee_106,22,Male,HR,Technician,Master,Business,Married,93229,68,1327,11775,Yes,23,16,6,5,9,4,2,3,Travel_Frequently,10,Yes
1107,Employee_107,26,Male,IT,Developer,Bachelor,Medical,Married,64815,77,1488,13265,Yes,11,2,11,7,8,1,3,1,Travel_Frequently,9,Yes
1108,Employee_108,47,Male,HR,Technician,Master,Medical,Divorced,57092,120,1001,17673,Yes,21,5,0,6,6,1,4,3,Travel_Frequently,15,Yes
1109,Employee_109,35,Female,Operations,Executive,PhD,Medical,Divorced,77539,112,1141,7614,Yes,5,4,8,4,3,3,2,4,Travel_Rarely,2,Yes
1110,Employee_110,48,Male,R&D,Executive,PhD,Engineering,Married,81077,122,1483,4252,Yes,23,16,5,8,5,2,4,2,Travel_Frequently,25,No
1111,Employee_111,30,Male,R&D,Manager,Bachelor,Arts,Single,36817,173,613,8415,No,25,1,11,3,1,4,4,1,Travel_Rarely,13,No
1112,Employee_112,36,Female,R&D,Developer,PhD,Medical,Divorced,52861,168,1298,17662,No,10,14,1,5,6,2,4,4,Travel_Frequently,34,No
1113,Employee_113,36,Female,Operations,Analyst,Master,Engineering,Single,28428,170,1109,12116,No,22,4,4,1,1,4,1,2,Travel_Rarely,34,No
1114,Employee_114,47,Male,R&D,Developer,High School,Arts,Divorced,58934,68,387,17964,Yes,19,19,10,1,9,1,2,2,Travel_Frequently,35,Yes
1115,Employee_115,34,Female,Finance,Analyst,High School,Business,Married,25258,191,244,5958,No,1,5,3,1,7,3,2,2,Non-Travel,38,No
1116,Employee_116,53,Female,IT,Scientist,High School,Engineering,Divorced,72775,169,282,5276,Yes,7,5,6,9,7,3,1,4,Non-Travel,3,Yes
1117,Employee_117,53,Male,HR,Developer,Bachelor,Science,Married,96580,110,1346,5776,Yes,4,17,7,6,0,2,3,4,Travel_Rarely,6,No
1118,Employee_118,25,Female,HR,Scientist,PhD,Engineering,Divorced,109947,79,557,18208,Yes,1,17,10,1,7,3,4,3,Travel_Rarely,19,No
1119,Employee_119,51,Male,Operations,Executive,Master,Engineering,Married,20469,58,1289,4832,Yes,15,3,10,1,1,2,2,2,Travel_Frequently,3,No
1120,Employee_120,58,Female,R&D,Executive,PhD,Arts,Married,43854,113,1135,15901,No,12,16,0,8,5,2,1,2,Travel_Frequently,18,No
1121,Employee_121,44,Male,R&D,Manager,PhD,Business,Married,21256,169,574,6445,Yes,22,13,4,6,0,4,4,2,Non-Travel,39,No
1122,Employee_122,36,Male,Sales,Developer,PhD,Science,Married,91256,101,361,2380,No,22,13,2,2,4,2,3,3,Travel_Frequently,9,No
1123,Employee_123,50,Male,IT,Scientist,High School,Medical,Single,48937,138,1411,10865,Yes,17,12,0,2,6,4,3,2,Travel_Rarely,12,Yes
1124,Employee_124,57,Female,Finance,Analyst,Master,Medical,Married,114134,191,521,14926,No,29,6,11,6,9,3,4,4,Travel_Rarely,5,No
1125,Employee_125,34,Male,HR,Executive,Master,Engineering,Single,16651,102,649,12580,No,14,11,2,4,0,2,3,2,Travel_Rarely,3,No
1126,Employee_126,53,Female,Sales,Executive,PhD,Arts,Single,65288,127,1236,6634,No,20,14,5,9,1,2,2,1,Travel_Rarely,11,Yes
1127,Employee_127,28,Male,Sales,Analyst,High School,Arts,Married,99730,90,383,6810,No,33,18,6,5,6,1,2,4,Travel_Rarely,30,No
1128,Employee_128,43,Male,Operations,Scientist,High School,Medical,Single,40051,117,310,11179,No,15,10,7,7,5,2,2,3,Non-Travel,4,No
1129,Employee_129,49,Female,HR,Scientist,Master,Science,Divorced,42386,57,707,13251,No,12,14,10,8,2,2,3,2,Non-Travel,5,No
1130,Employee_130,23,Male,Operations,Developer,High School,Business,Married,90054,51,494,14131,Yes,20,11,3,0,9,1,2,1,Travel_Rarely,1,No
1131,Employee_131,27,Male,Finance,Developer,High School,Science,Single,31184,154,1103,13707,No,30,2,2,2,1,1,1,3,Travel_Frequently,27,No
1132,Employee_132,49,Female,Sales,Technician,High School,Business,Married,48787,174,1438,19233,Yes,3,16,4,6,9,3,2,3,Travel_Rarely,28,No
1133,Employee_133,49,Male,Sales,Technician,Bachelor,Medical,Married,36621,159,1173,3749,No,28,2,8,5,3,2,2,4,Non-Travel,29,No
1134,Employee_134,41,Male,IT,Manager,PhD,Business,Married,90564,135,831,14156,Yes,26,18,5,6,2,3,3,3,Travel_Rarely,18,No
1135,Employee_135,51,Male,Finance,Executive,Master,Arts,Single,92984,169,1250,17589,No,30,19,8,7,6,3,2,3,Non-Travel,12,No
1136,Employee_136,32,Male,Sales,Developer,Master,Engineering,Divorced,74792,176,932,4450,No,13,3,5,5,7,1,4,3,Non-Travel,13,No
1137,Employee_137,49,Female,Finance,Scientist,Bachelor,Engineering,Divorced,60253,65,1454,8214,Yes,13,2,1,2,1,4,1,3,Travel_Rarely,2,No
1138,Employee_138,46,Female,HR,Analyst,PhD,Medical,Single,49051,111,520,12814,No,2,15,4,1,9,3,3,2,Travel_Rarely,37,No
1139,Employee_139,54,Male,R&D,Scientist,Master,Arts,Married,64811,162,1112,6141,No,2,11,11,6,6,4,1,2,Travel_Frequently,16,No
1140,Employee_140,22,Female,Sales,Executive,High School,Science,Single,45447,61,1456,3708,No,26,7,10,0,7,2,4,2,Non-Travel,24,No
1141,Employee_141,48,Male,IT,Technician,Master,Arts,Single,98930,84,636,19375,Yes,11,16,8,2,5,1,3,2,Travel_Frequently,35,No
1142,Employee_142,34,Female,HR,Scientist,High School,Engineering,Single,115037,60,980,16088,No,8,6,7,3,5,2,3,1,Travel_Rarely,22,No
1143,Employee_143,24,Male,Finance,Manager,Bachelor,Engineering,Married,45254,113,1276,12834,Yes,22,10,6,0,9,2,2,2,Non-Travel,36,Yes
1144,Employee_144,27,Male,Operations,Executive,High School,Arts,Single,99045,99,925,13278,No,20,17,0,4,0,1,1,3,Travel_Frequently,11,No
1145,Employee_145,29,Male,HR,Technician,Master,Arts,Married,72418,198,230,11014,No,8,0,3,9,3,2,4,2,Travel_Frequently,29,No
1146,Employee_146,48,Male,Sales,Analyst,Master,Engineering,Single,29472,118,536,4273,Yes,29,2,11,2,0,1,4,2,Travel_Frequently,35,Yes
1147,Employee_147,30,Male,Finance,Technician,Master,Science,Divorced,18471,97,382,15367,No,26,3,6,1,3,4,3,4,Travel_Rarely,15,Yes
1148,Employee_148,58,Male,R&D,Manager,Bachelor,Medical,Single,110804,69,1246,5538,No,30,12,10,2,1,2,2,3,Travel_Rarely,31,No
1149,Employee_149,54,Female,HR,Executive,Bachelor,Medical,Single,23329,150,743,13541,Yes,17,5,6,7,4,1,3,2,Travel_Rarely,16,Yes
1150,Employee_150,45,Male,Sales,Analyst,PhD,Arts,Divorced,49865,186,1297,9712,No,20,13,5,5,9,3,3,2,Non-Travel,10,No
1151,Employee_151,36,Female,IT,Manager,Master,Medical,Married,61850,117,1233,10168,Yes,16,4,7,6,8,2,3,2,Travel_Rarely,32,No
1152,Employee_152,53,Male,Operations,Technician,High School,Engineering,Married,69220,84,859,4551,Yes,7,15,10,5,9,4,3,1,Non-Travel,2,No
1153,Employee_153,53,Female,Finance,Manager,Bachelor,Engineering,Single,108808,114,359,13297,Yes,16,14,5,5,2,1,4,2,Travel_Frequently,24,No
1154,Employee_154,45,Female,HR,Executive,Master,Arts,Divorced,21397,57,1237,11965,No,27,14,9,2,7,2,4,4,Travel_Frequently,23,No
1155,Employee_155,33,Female,HR,Developer,Master,Arts,Married,112909,94,1401,3832,Yes,23,3,2,7,2,2,3,3,Travel_Rarely,2,No
1156,Employee_156,23,Male,R&D,Manager,Bachelor,Arts,Single,50525,136,611,14422,Yes,24,7,3,6,5,2,3,3,Travel_Frequently,38,No
1157,Employee_157,24,Male,R&D,Manager,PhD,Science,Divorced,68072,125,1211,1152,No,9,15,2,6,3,4,2,2,Travel_Rarely,31,No
1158,Employee_158,58,Female,IT,Technician,Bachelor,Medical,Married,105106,125,252,12156,Yes,20,15,0,5,7,1,3,2,Non-Travel,26,No
1159,Employee_159,38,Male,Operations,Technician,Bachelor,Arts,Married,98820,96,607,12108,No,17,3,9,4,5,3,4,2,Travel_Frequently,29,No
1160,Employee_160,23,Female,IT,Analyst,High School,Business,Divorced,99530,64,1046,3800,No,31,12,4,9,7,3,1,3,Travel_Rarely,3,Yes
1161,Employee_161,23,Male,Sales,Technician,High School,Business,Divorced,38284,154,1245,6310,No,8,12,0,7,0,3,4,3,Travel_Frequently,14,No
1162,Employee_162,49,Female,Sales,Scientist,PhD,Engineering,Divorced,76330,196,1253,10944,No,15,1,0,4,5,1,2,1,Travel_Frequently,25,Yes
1163,Employee_163,44,Female,IT,Executive,Master,Medical,Divorced,98369,75,902,3610,Yes,31,2,1,8,0,3,4,4,Travel_Rarely,1,No
1164,Employee_164,58,Male,Operations,Executive,Bachelor,Arts,Single,40122,101,459,13067,Yes,30,7,3,8,0,4,1,1,Travel_Frequently,3,Yes
1165,Employee_165,53,Female,IT,Developer,PhD,Business,Divorced,85553,142,1428,2104,Yes,20,14,5,0,7,1,3,4,Travel_Frequently,26,No
1166,Employee_166,54,Male,Operations,Developer,High School,Medical,Married,96906,199,1282,11728,Yes,12,10,7,5,6,2,1,1,Travel_Frequently,18,No
1167,Employee_167,22,Female,Operations,Executive,Bachelor,Engineering,Married,109788,70,975,8263,Yes,17,8,2,6,2,4,3,3,Travel_Frequently,9,Yes
1168,Employee_168,40,Female,Finance,Developer,Master,Science,Single,77812,100,1235,2914,No,30,6,0,2,5,2,3,1,Non-Travel,38,No
1169,Employee_169,23,Male,Operations,Analyst,High School,Medical,Married,22999,87,1049,1406,Yes,29,12,2,6,8,3,4,4,Travel_Frequently,23,No
1170,Employee_170,47,Male,R&D,Technician,High School,Medical,Married,37436,69,553,14689,Yes,19,1,11,6,6,4,4,2,Travel_Frequently,21,No
1171,Employee_171,53,Male,Operations,Executive,High School,Science,Divorced,57963,181,1298,1166,Yes,11,7,2,1,2,1,4,4,Travel_Rarely,1,No
1172,Employee_172,27,Female,Operations,Developer,PhD,Medical,Married,17096,104,1072,1508,No,34,6,4,6,5,4,2,2,Non-Travel,21,No
1173,Employee_173,53,Male,Operations,Executive,Master,Engineering,Single,40279,141,1190,19045,No,7,11,10,0,3,2,4,3,Travel_Rarely,27,No
1174,Employee_174,25,Female,Sales,Scientist,Bachelor,Engineering,Divorced,41201,77,1464,4664,Yes,34,18,11,4,2,1,2,4,Travel_Rarely,6,No
1175,Employee_175,32,Female,R&D,Manager,PhD,Science,Divorced,34715,53,1217,14050,No,20,6,11,8,8,4,4,1,Travel_Rarely,36,No
1176,Employee_176,38,Male,R&D,Technician,PhD,Arts,Single,44309,199,1377,1680,Yes,24,9,3,6,9,4,3,4,Non-Travel,28,Yes
1177,Employee_177,59,Male,IT,Executive,PhD,Business,Divorced,30078,125,1319,19908,Yes,10,15,3,6,1,4,2,2,Travel_Rarely,17,No
1178,Employee_178,45,Female,Finance,Manager,High School,Arts,Divorced,71614,116,493,19504,No,32,2,8,1,0,4,1,3,Travel_Rarely,3,No
1179,Employee_179,26,Female,Operations,Developer,Master,Medical,Single,20105,135,408,5357,No,15,9,6,7,1,1,2,1,Travel_Rarely,12,Yes
1180,Employee_180,55,Male,HR,Manager,PhD,Business,Divorced,109848,140,1311,2363,Yes,20,5,3,2,6,2,2,4,Travel_Frequently,39,No
1181,Employee_181,27,Male,Finance,Technician,Bachelor,Science,Single,17839,154,1017,10523,Yes,3,17,2,7,9,4,1,2,Travel_Rarely,12,No
1182,Employee_182,43,Male,Finance,Executive,Master,Science,Single,83920,50,589,3292,No,8,17,5,2,0,1,2,1,Non-Travel,2,No
1183,Employee_183,32,Male,R&D,Scientist,Bachelor,Business,Married,58619,121,524,2538,Yes,23,4,2,9,5,2,3,3,Non-Travel,22,Yes
1184,Employee_184,37,Male,Finance,Developer,Master,Engineering,Married,57821,136,1139,4408,No,11,6,5,6,6,4,4,1,Travel_Frequently,23,No
1185,Employee_185,54,Female,Operations,Executive,Bachelor,Business,Divorced,28493,55,1088,9752,Yes,8,1,10,1,8,2,1,3,Non-Travel,30,No
1186,Employee_186,30,Female,Operations,Technician,High School,Medical,Divorced,32069,194,1380,19287,No,29,10,10,3,7,2,4,1,Non-Travel,5,No
1187,Employee_187,27,Female,Sales,Developer,PhD,Engineering,Single,22531,110,867,1174,Yes,30,12,11,5,5,1,3,4,Travel_Frequently,9,No
1188,Employee_188,37,Female,Operations,Analyst,Bachelor,Science,Divorced,52051,61,832,3230,Yes,10,4,8,8,2,2,1,2,Travel_Rarely,21,No
1189,Employee_189,50,Male,Operations,Manager,Master,Business,Single,22736,55,776,5287,No,28,5,5,4,7,1,4,4,Travel_Frequently,11,No
1190,Employee_190,24,Male,R&D,Technician,PhD,Arts,Single,22710,76,336,13112,Yes,13,13,11,8,6,4,4,4,Travel_Rarely,5,Yes
1191,Employee_191,41,Male,Operations,Analyst,PhD,Arts,Divorced,82155,185,627,8106,Yes,32,11,3,4,2,2,3,3,Travel_Rarely,35,No
1192,Employee_192,57,Female,Sales,Executive,Master,Medical,Single,28975,173,811,10689,No,26,3,4,9,8,2,4,3,Non-Travel,27,No
1193,Employee_193,40,Female,HR,Scientist,Bachelor,Arts,Married,77424,155,1110,13046,Yes,22,5,5,7,1,3,3,3,Travel_Frequently,2,No
1194,Employee_194,47,Male,R&D,Developer,High School,Business,Divorced,60603,142,1018,18951,Yes,4,9,10,0,2,4,2,4,Non-Travel,24,No
1195,Employee_195,24,Male,HR,Manager,High School,Business,Married,38252,158,340,2151,Yes,31,17,2,6,1,4,3,1,Non-Travel,31,Yes
1196,Employee_196,40,Female,R&D,Developer,Bachelor,Arts,Divorced,95797,148,1306,8619,No,18,14,7,3,0,3,2,1,Travel_Rarely,33,Yes
1197,Employee_197,41,Female,IT,Executive,PhD,Business,Single,16431,191,376,7033,No,24,7,3,4,3,3,1,4,Non-Travel,39,No
1198,Employee_198,53,Male,Finance,Developer,PhD,Medical,Divorced,89603,84,397,9560,No,23,8,7,5,4,1,4,4,Travel_Frequently,30,No
1199,Employee_199,28,Male,IT,Manager,PhD,Engineering,Married,52481,133,823,5946,Yes,22,4,9,4,5,1,3,2,Non-Travel,37,No
1200,Employee_200,54,Female,Operations,Executive,PhD,Medical,Single,107573,105,890,2907,Yes,2,9,9,0,4,2,3,3,Non-Travel,28,No
1201,Employee_201,39,Male,HR,Developer,Bachelor,Medical,Divorced,24557,190,600,4490,Yes,31,19,2,8,0,2,4,3,Travel_Rarely,31,Yes
1202,Employee_202,22,Male,Operations,Scientist,PhD,Business,Divorced,89971,98,670,19919,Yes,11,5,9,1,2,2,4,4,Travel_Frequently,11,No
1203,Employee_203,32,Male,Finance,Technician,Master,Engineering,Divorced,118302,95,417,5173,No,28,15,6,8,0,2,1,4,Non-Travel,23,No
1204,Employee_204,49,Female,R&D,Executive,PhD,Business,Married,15162,162,1128,12065,Yes,32,2,10,9,4,1,1,1,Travel_Rarely,2,No
1205,Employee_205,46,Female,Finance,Technician,High School,Science,Married,49742,185,831,18677,Yes,5,9,11,1,4,4,3,4,Non-Travel,27,No
1206,Employee_206,44,Female,Sales,Executive,PhD,Business,Divorced,34675,92,1150,5769,Yes,10,10,8,8,5,2,1,1,Travel_Frequently,35,No
1207,Employee_207,52,Female,Finance,Scientist,Bachelor,Business,Single,88997,197,1105,5796,No,24,10,3,5,7,4,2,4,Non-Travel,2,No
1208,Employee_208,51,Female,Sales,Technician,High School,Business,Single,32015,173,374,14046,Yes,23,16,7,8,9,2,1,2,Non-Travel,39,No
1209,Employee_209,56,Female,Finance,Analyst,Bachelor,Engineering,Married,65057,146,222,15211,Yes,17,3,2,5,0,3,1,2,Travel_Rarely,37,No
1210,Employee_210,28,Female,Sales,Manager,Bachelor,Business,Single,47591,139,434,5997,Yes,1,3,6,5,3,2,3,1,Non-Travel,21,No
1211,Employee_211,37,Male,HR,Analyst,High School,Engineering,Married,108583,88,1236,18376,Yes,31,16,2,1,9,2,2,3,Travel_Rarely,5,Yes
1212,Employee_212,47,Male,Operations,Developer,Bachelor,Arts,Divorced,115318,134,1324,9112,Yes,31,8,11,7,0,2,1,2,Travel_Frequently,21,Yes
1213,Employee_213,23,Male,Operations,Scientist,Bachelor,Science,Married,24833,111,1128,6287,No,34,18,6,2,8,1,2,1,Non-Travel,29,Yes
1214,Employee_214,22,Male,IT,Analyst,PhD,Engineering,Married,22896,155,722,11578,Yes,9,4,10,6,6,3,2,4,Travel_Frequently,20,No
1215,Employee_215,33,Male,Operations,Executive,Master,Arts,Divorced,47972,156,630,19624,Yes,22,5,9,4,6,2,2,4,Travel_Frequently,38,No
1216,Employee_216,26,Male,R&D,Developer,Bachelor,Engineering,Single,64733,103,992,18860,Yes,13,2,9,2,4,2,4,1,Non-Travel,20,No
1217,Employee_217,58,Male,Finance,Developer,Bachelor,Engineering,Married,56800,175,732,7426,Yes,25,0,10,0,6,4,4,3,Travel_Rarely,25,No
1218,Employee_218,53,Female,IT,Analyst,Bachelor,Science,Married,111044,58,1178,12599,Yes,18,19,10,7,1,3,4,1,Travel_Frequently,2,No
1219,Employee_219,30,Female,R&D,Analyst,PhD,Medical,Divorced,20347,137,1009,1389,Yes,12,15,5,2,3,2,4,1,Travel_Frequently,32,No
1220,Employee_220,56,Male,R&D,Scientist,Master,Medical,Single,74063,86,1112,1999,Yes,17,10,1,1,6,4,3,2,Non-Travel,26,Yes
1221,Employee_221,40,Male,Sales,Manager,High School,Engineering,Married,110850,98,1324,13812,Yes,15,12,10,0,2,4,1,1,Non-Travel,6,No
1222,Employee_222,37,Female,Operations,Analyst,PhD,Business,Divorced,17643,90,1070,16599,Yes,15,9,2,3,1,1,4,1,Non-Travel,3,No
1223,Employee_223,24,Male,HR,Analyst,PhD,Arts,Married,55785,66,739,2855,Yes,15,2,5,7,9,4,3,4,Non-Travel,33,No
1224,Employee_224,41,Male,HR,Technician,Master,Business,Divorced,33681,137,1223,9125,No,13,8,3,2,1,2,1,2,Non-Travel,1,No
1225,Employee_225,45,Female,IT,Executive,Master,Business,Single,65026,70,426,14794,No,17,11,5,0,0,1,4,4,Non-Travel,5,No
1226,Employee_226,54,Male,HR,Technician,PhD,Engineering,Single,118864,100,1459,3763,No,32,13,0,3,4,1,1,4,Travel_Rarely,13,No
1227,Employee_227,45,Female,Finance,Technician,High School,Engineering,Single,30892,108,1072,5986,No,9,0,9,8,5,2,4,3,Travel_Frequently,19,No
1228,Employee_228,32,Male,HR,Developer,PhD,Engineering,Single,62299,90,1091,2481,Yes,20,17,11,0,5,3,3,3,Travel_Rarely,12,No
1229,Employee_229,29,Female,IT,Manager,Master,Engineering,Married,32073,88,1236,4731,No,26,16,0,1,8,4,2,2,Travel_Rarely,25,Yes
1230,Employee_230,57,Female,HR,Executive,High School,Medical,Married,117304,190,409,17835,No,27,8,2,8,3,1,2,2,Non-Travel,35,No
1231,Employee_231,59,Female,Finance,Scientist,Master,Engineering,Single,45682,60,940,18266,Yes,21,8,7,1,0,3,1,3,Travel_Frequently,12,No
1232,Employee_232,41,Male,Sales,Scientist,High School,Medical,Single,112798,196,596,11758,No,18,9,7,2,5,2,3,3,Travel_Rarely,30,Yes
1233,Employee_233,56,Female,IT,Analyst,Bachelor,Medical,Single,111894,188,1323,17311,No,13,18,10,6,4,4,2,3,Non-Travel,5,No
1234,Employee_234,46,Male,Sales,Analyst,Master,Engineering,Married,29289,126,230,9566,Yes,16,14,3,2,9,4,4,3,Non-Travel,34,No
1235,Employee_235,56,Male,Sales,Scientist,Master,Science,Single,22927,176,1097,12889,Yes,9,4,5,8,5,1,2,3,Travel_Frequently,22,No
1236,Employee_236,46,Male,Sales,Analyst,PhD,Arts,Single,63330,95,848,12254,Yes,12,14,7,5,2,4,1,4,Travel_Rarely,39,No
1237,Employee_237,50,Male,R&D,Manager,Master,Business,Single,81707,94,528,12442,No,19,19,6,2,1,4,1,2,Travel_Rarely,13,No
1238,Employee_238,39,Female,Operations,Technician,Master,Medical,Divorced,92454,50,1389,14521,No,7,1,10,8,5,4,3,4,Travel_Rarely,3,No
1239,Employee_239,39,Female,R&D,Analyst,Bachelor,Arts,Single,119646,157,1151,5559,Yes,18,12,6,0,0,4,1,4,Non-Travel,20,Yes
1240,Employee_240,23,Male,Operations,Developer,Master,Science,Divorced,80428,68,1323,17199,Yes,16,15,3,9,6,2,2,1,Travel_Frequently,31,Yes
1241,Employee_241,56,Male,Sales,Analyst,Bachelor,Business,Divorced,65601,125,820,8291,No,4,14,8,2,6,3,2,4,Travel_Frequently,5,Yes
1242,Employee_242,37,Female,IT,Executive,Bachelor,Business,Single,92465,121,1396,9160,Yes,25,9,11,0,9,2,2,3,Travel_Rarely,24,No
1243,Employee_243,57,Male,Operations,Manager,Bachelor,Medical,Divorced,17539,158,361,1112,No,32,13,9,1,6,2,2,3,Non-Travel,33,No
1244,Employee_244,54,Female,Finance,Executive,Bachelor,Engineering,Single,117263,61,975,16924,Yes,13,9,5,7,9,1,3,1,Travel_Rarely,8,No
1245,Employee_245,25,Male,Finance,Executive,High School,Science,Married,37669,94,1486,17523,Yes,17,13,11,6,0,4,4,1,Travel_Frequently,24,No
1246,Employee_246,54,Male,HR,Developer,PhD,Medical,Married,85968,139,473,2424,No,6,8,10,1,3,2,4,1,Non-Travel,20,No
1247,Employee_247,35,Female,Operations,Manager,High School,Science,Married,35644,152,1226,11808,Yes,19,13,2,1,6,4,3,1,Travel_Rarely,16,No
1248,Employee_248,42,Male,IT,Manager,Master,Engineering,Married,33745,57,1251,7043,Yes,13,2,4,8,8,2,1,1,Travel_Rarely,12,No
1249,Employee_249,41,Female,R&D,Manager,High School,Engineering,Divorced,43228,140,525,7989,Yes,26,19,4,5,4,2,4,4,Non-Travel,13,No
1250,Employee_250,29,Male,Sales,Manager,High School,Medical,Single,49521,136,1139,7261,No,14,15,4,4,1,1,1,1,Travel_Frequently,39,No
1251,Employee_251,28,Male,HR,Manager,Master,Engineering,Single,112239,133,1372,1887,Yes,31,1,7,9,6,3,4,4,Non-Travel,25,No
1252,Employee_252,24,Male,Finance,Developer,Master,Arts,Single,41928,131,739,17433,Yes,4,9,8,5,9,3,1,2,Travel_Rarely,32,No
1253,Employee_253,38,Female,R&D,Analyst,Master,Business,Married,33322,195,687,17402,Yes,8,2,8,8,0,2,3,1,Travel_Rarely,24,No
1254,Employee_254,54,Male,R&D,Executive,High School,Medical,Married,72714,117,1021,13253,Yes,25,10,5,6,6,1,2,1,Travel_Rarely,9,Yes
1255,Employee_255,33,Male,Sales,Manager,High School,Science,Single,102896,176,1288,19990,Yes,13,10,5,9,5,4,1,4,Travel_Rarely,23,No
1256,Employee_256,43,Male,Operations,Analyst,Master,Arts,Married,77292,131,555,8846,Yes,32,12,8,9,6,4,2,2,Travel_Frequently,13,No
1257,Employee_257,43,Male,Finance,Analyst,PhD,Medical,Single,44055,196,1475,7432,No,28,6,3,8,9,2,1,4,Travel_Frequently,32,No
1258,Employee_258,51,Female,IT,Executive,PhD,Engineering,Single,57891,133,434,14452,No,30,16,5,3,2,3,1,4,Travel_Rarely,15,No
1259,Employee_259,59,Female,R&D,Developer,Bachelor,Engineering,Single,96912,162,426,14395,Yes,3,1,3,1,2,1,1,1,Travel_Frequently,36,No
1260,Employee_260,59,Male,Sales,Scientist,Master,Engineering,Single,21588,125,248,4765,No,28,11,10,7,6,3,1,3,Travel_Frequently,5,No
1261,Employee_261,29,Female,IT,Scientist,Bachelor,Engineering,Single,105536,171,317,19822,No,3,9,0,3,1,4,1,3,Travel_Frequently,22,No
1262,Employee_262,48,Male,Operations,Analyst,PhD,Science,Single,21304,192,253,16950,Yes,34,17,6,8,0,3,2,4,Travel_Rarely,16,No
1263,Employee_263,48,Male,Finance,Technician,Bachelor,Arts,Single,22345,90,764,13502,No,16,10,9,3,8,4,1,1,Non-Travel,10,No
1264,Employee_264,55,Male,Operations,Technician,Master,Business,Married,44300,51,1267,10741,No,22,15,10,7,8,1,2,2,Non-Travel,24,No
1265,Employee_265,42,Female,R&D,Executive,Master,Science,Single,39259,78,252,6941,No,32,16,11,8,6,1,3,3,Non-Travel,18,No
1266,Employee_266,51,Female,IT,Scientist,Master,Science,Single,106006,154,757,5855,No,8,18,5,8,6,2,4,2,Travel_Rarely,18,No
1267,Employee_267,54,Female,IT,Analyst,High School,Business,Married,103553,100,1325,16166,No,8,17,8,9,2,2,1,3,Travel_Frequently,7,Yes
1268,Employee_268,49,Female,IT,Developer,Bachelor,Business,Married,30352,124,1067,6788,No,6,2,6,3,9,3,4,1,Travel_Frequently,4,No
1269,Employee_269,54,Female,R&D,Scientist,PhD,Engineering,Married,48365,59,597,1201,No,14,15,6,0,1,1,2,4,Travel_Rarely,26,No
1270,Employee_270,26,Female,R&D,Analyst,PhD,Science,Single,34446,191,1361,11561,No,32,5,1,2,6,1,3,2,Travel_Rarely,5,No
1271,Employee_271,40,Female,Operations,Analyst,PhD,Medical,Divorced,17336,100,874,17901,Yes,10,11,11,8,8,2,3,2,Non-Travel,16,Yes
1272,Employee_272,25,Female,HR,Manager,High School,Business,Divorced,77032,167,586,8737,Yes,3,10,10,3,0,4,3,4,Non-Travel,35,Yes
1273,Employee_273,56,Female,Operations,Developer,High School,Business,Married,90415,170,310,2988,No,12,14,8,4,3,3,4,2,Travel_Rarely,26,Yes
1274,Employee_274,38,Male,Finance,Manager,Master,Arts,Divorced,112852,88,813,16441,No,31,14,9,6,5,3,2,3,Non-Travel,18,Yes
1275,Employee_275,49,Female,Sales,Executive,PhD,Medical,Married,113876,77,216,12737,Yes,29,15,8,4,6,2,1,4,Travel_Frequently,29,No
1276,Employee_276,51,Female,IT,Manager,High School,Medical,Single,22521,52,1405,15256,No,5,9,5,3,9,1,1,3,Travel_Rarely,23,No
1277,Employee_277,50,Female,HR,Manager,Master,Business,Divorced,86707,133,1083,8162,No,25,11,2,1,6,2,2,3,Travel_Rarely,14,No
1278,Employee_278,27,Female,Sales,Scientist,PhD,Engineering,Single,38481,166,740,14065,Yes,31,12,0,1,9,2,4,1,Travel_Frequently,15,No
1279,Employee_279,56,Female,HR,Technician,Bachelor,Arts,Divorced,33474,51,370,15114,Yes,21,3,3,3,1,2,1,3,Travel_Frequently,33,No
1280,Employee_280,58,Female,Operations,Analyst,Master,Medical,Single,61760,142,608,9399,Yes,20,6,2,9,3,2,2,1,Travel_Frequently,25,No
1281,Employee_281,45,Female,R&D,Developer,High School,Business,Divorced,70718,180,939,6633,No,22,1,11,9,4,4,1,2,Non-Travel,21,No
1282,Employee_282,50,Female,IT,Manager,High School,Medical,Single,59629,193,1411,6755,No,4,14,0,8,0,4,3,2,Travel_Rarely,17,Yes
1283,Employee_283,52,Female,Operations,Developer,Master,Arts,Single,60232,143,1057,11825,Yes,13,7,2,7,0,1,1,1,Non-Travel,23,No
1284,Employee_284,56,Female,Sales,Technician,Master,Arts,Divorced,101544,89,429,5117,Yes,20,6,3,2,9,2,4,3,Travel_Frequently,17,No
1285,Employee_285,54,Female,Sales,Technician,High School,Science,Single,82169,51,318,2518,No,13,14,7,8,2,4,2,4,Non-Travel,14,Yes
1286,Employee_286,42,Male,Sales,Manager,Bachelor,Business,Single,65669,130,1379,17346,Yes,17,13,8,4,9,1,4,4,Travel_Frequently,29,No
1287,Employee_287,53,Male,Sales,Executive,PhD,Arts,Single,93021,61,983,3600,No,33,7,2,2,2,2,2,1,Non-Travel,20,No
1288,Employee_288,44,Female,Sales,Manager,Bachelor,Science,Divorced,84184,114,664,14237,No,1,11,5,4,7,3,3,2,Non-Travel,30,No
1289,Employee_289,54,Female,HR,Scientist,Master,Science,Divorced,62945,104,303,19579,Yes,15,12,9,9,8,4,2,2,Travel_Frequently,19,No
1290,Employee_290,24,Male,Operations,Analyst,Bachelor,Medical,Single,28140,94,897,4554,Yes,13,10,10,3,0,1,1,4,Non-Travel,39,Yes
1291,Employee_291,39,Female,IT,Executive,High School,Medical,Single,98457,150,374,17193,No,17,16,4,7,1,3,1,1,Travel_Rarely,13,No
1292,Employee_292,46,Male,R&D,Manager,Master,Science,Divorced,29357,111,944,16253,Yes,24,16,5,4,9,2,3,4,Non-Travel,18,No
1293,Employee_293,52,Male,R&D,Developer,PhD,Medical,Divorced,83673,98,1357,17194,Yes,8,3,3,9,1,2,2,3,Non-Travel,23,No
1294,Employee_294,24,Male,Operations,Executive,High School,Arts,Single,80633,176,864,2742,Yes,27,7,9,7,3,2,3,3,Travel_Rarely,33,Yes
1295,Employee_295,45,Male,Operations,Executive,High School,Engineering,Single,91943,72,232,2306,Yes,23,4,5,8,1,4,1,1,Travel_Frequently,39,No
1296,Employee_296,53,Male,R&D,Manager,PhD,Arts,Single,111111,87,254,4849,No,8,15,6,3,6,1,4,1,Travel_Rarely,18,No
1297,Employee_297,43,Female,R&D,Executive,PhD,Science,Married,93258,77,718,13360,No,8,3,8,6,8,3,3,3,Non-Travel,9,No
1298,Employee_298,44,Male,HR,Developer,Bachelor,Science,Divorced,27924,70,955,13768,No,26,14,9,1,6,1,4,2,Travel_Frequently,33,No
1299,Employee_299,23,Female,Finance,Technician,Master,Arts,Married,84286,156,211,14032,No,13,11,6,5,5,4,4,1,Non-Travel,32,No
1300,Employee_300,48,Female,IT,Executive,PhD,Medical,Divorced,108269,195,919,5195,Yes,28,4,5,7,9,1,2,3,Non-Travel,17,No
1301,Employee_301,23,Male,Sales,Technician,PhD,Medical,Divorced,89071,148,754,19939,Yes,25,15,0,6,0,4,3,3,Travel_Rarely,19,No
1302,Employee_302,47,Male,Finance,Developer,Master,Science,Divorced,72326,168,572,19689,No,16,13,1,6,9,2,4,2,Travel_Rarely,27,No
1303,Employee_303,38,Female,Operations,Manager,PhD,Business,Divorced,105023,122,683,8619,No,2,9,0,7,8,3,4,2,Travel_Frequently,6,No
1304,Employee_304,54,Male,R&D,Analyst,PhD,Medical,Divorced,45651,171,1172,10280,Yes,18,6,8,6,4,2,2,2,Travel_Frequently,35,Yes
1305,Employee_305,30,Male,Finance,Executive,Bachelor,Arts,Divorced,85202,79,1451,3642,No,17,12,9,4,4,1,2,2,Travel_Frequently,37,Yes
1306,Employee_306,50,Female,IT,Analyst,High School,Medical,Divorced,63777,157,822,10369,No,30,19,9,6,5,2,1,4,Non-Travel,34,No
1307,Employee_307,47,Female,Operations,Developer,High School,Arts,Married,31994,147,506,15296,Yes,13,4,8,9,8,3,4,2,Travel_Rarely,20,No
1308,Employee_308,56,Male,Sales,Executive,High School,Science,Single,82263,81,656,16438,No,32,2,6,2,7,2,1,4,Travel_Rarely,25,No
1309,Employee_309,46,Female,Sales,Technician,High School,Medical,Single,74634,128,359,16674,Yes,29,14,1,4,7,3,4,1,Travel_Rarely,4,No
1310,Employee_310,45,Male,IT,Scientist,PhD,Arts,Married,115158,90,530,5757,Yes,30,3,5,6,7,3,1,3,Travel_Frequently,10,No
1311,Employee_311,34,Male,IT,Analyst,Master,Science,Married,25800,112,975,3994,No,18,14,10,8,0,2,2,4,Travel_Rarely,10,Yes
1312,Employee_312,28,Male,R&D,Executive,Master,Business,Married,52823,72,424,16226,Yes,13,13,3,1,0,4,3,1,Travel_Rarely,24,Yes
1313,Employee_313,57,Female,Sales,Analyst,Bachelor,Arts,Married,78878,153,1182,2271,No,21,19,0,3,7,1,2,1,Travel_Rarely,21,Yes
1314,Employee_314,41,Female,Operations,Executive,Bachelor,Business,Divorced,33708,124,928,2813,Yes,30,18,0,6,4,4,1,4,Travel_Frequently,11,No
1315,Employee_315,22,Female,Finance,Manager,PhD,Business,Single,27819,97,1268,19845,No,21,12,11,0,8,4,1,1,Travel_Rarely,27,No
1316,Employee_316,29,Female,Operations,Technician,Master,Engineering,Divorced,89905,106,1437,9475,No,17,9,4,1,1,2,3,1,Travel_Frequently,16,Yes
1317,Employee_317,37,Female,HR,Analyst,Master,Medical,Single,78870,167,1282,5396,No,19,4,11,8,8,1,4,4,Travel_Rarely,26,No
1318,Employee_318,35,Male,HR,Scientist,High School,Arts,Single,24283,149,843,10283,Yes,15,19,1,9,7,1,1,1,Travel_Rarely,30,Yes
1319,Employee_319,33,Male,IT,Scientist,PhD,Business,Married,45573,173,815,14318,Yes,9,19,3,6,8,4,1,2,Travel_Rarely,16,No
1320,Employee_320,44,Male,R&D,Developer,PhD,Engineering,Divorced,93707,83,394,18200,No,10,5,0,9,3,2,1,2,Travel_Frequently,7,No
1321,Employee_321,36,Male,HR,Executive,High School,Science,Married,45933,56,688,1082,Yes,31,3,3,6,0,1,3,3,Travel_Frequently,16,No
1322,Employee_322,49,Female,Sales,Analyst,PhD,Arts,Divorced,20774,105,356,2920,No,23,1,10,5,0,4,2,1,Travel_Rarely,35,No
1323,Employee_323,55,Male,Operations,Developer,PhD,Business,Single,87055,114,809,8817,No,30,15,5,2,4,1,1,3,Non-Travel,16,No
1324,Employee_324,23,Female,Operations,Analyst,Bachelor,Medical,Married,25983,96,1449,12683,Yes,33,17,9,9,1,2,3,2,Travel_Frequently,12,No
1325,Employee_325,53,Male,IT,Executive,Master,Engineering,Married,111468,197,611,12336,No,9,4,3,2,7,2,1,2,Travel_Frequently,35,No
1326,Employee_326,44,Female,Finance,Scientist,PhD,Business,Single,111334,68,1428,16596,Yes,1,3,0,1,9,2,4,2,Travel_Rarely,21,No
1327,Employee_327,43,Female,IT,Manager,Bachelor,Medical,Single,33133,195,1302,3093,No,11,12,6,5,4,1,3,1,Non-Travel,36,No
1328,Employee_328,46,Male,Finance,Scientist,Master,Business,Single,29939,175,1347,13905,Yes,34,18,1,3,4,3,1,1,Travel_Rarely,17,No
1329,Employee_329,43,Male,IT,Developer,High School,Arts,Married,15781,188,670,9367,No,16,1,8,4,1,1,3,2,Travel_Frequently,32,No
1330,Employee_330,43,Male,IT,Technician,Bachelor,Arts,Divorced,71700,98,1441,6285,No,9,12,2,2,6,3,1,3,Travel_Frequently,6,No
1331,Employee_331,27,Male,IT,Manager,Bachelor,Arts,Married,42624,162,715,11896,Yes,32,10,7,5,7,2,2,3,Travel_Rarely,24,Yes
1332,Employee_332,36,Female,Finance,Developer,Master,Engineering,Divorced,21823,87,1327,5937,No,15,3,7,2,9,4,1,4,Travel_Rarely,27,No
1333,Employee_333,58,Male,Finance,Executive,High School,Arts,Married,33489,113,592,17753,No,12,19,2,7,0,3,3,2,Non-Travel,20,No
1334,Employee_334,54,Male,IT,Manager,Bachelor,Medical,Married,54961,118,830,19202,Yes,33,19,3,8,1,2,4,3,Non-Travel,25,No
1335,Employee_335,29,Female,HR,Developer,PhD,Business,Single,44118,185,807,19485,No,14,14,1,3,9,2,4,2,Travel_Frequently,2,No
1336,Employee_336,26,Male,R&D,Executive,PhD,Science,Divorced,115417,165,1179,13977,Yes,8,3,3,8,3,3,4,3,Non-Travel,9,No
1337,Employee_337,25,Male,R&D,Scientist,PhD,Medical,Married,96816,114,633,19163,No,8,8,10,6,4,4,1,4,Non-Travel,28,No
1338,Employee_338,27,Male,R&D,Technician,High School,Medical,Married,37263,80,1366,8674,Yes,27,6,10,2,1,2,2,4,Travel_Frequently,38,No
1339,Employee_339,53,Male,Finance,Executive,Bachelor,Arts,Single,28565,181,739,18748,No,12,18,10,6,0,3,1,2,Travel_Frequently,3,No
1340,Employee_340,51,Male,Finance,Analyst,PhD,Engineering,Single,35354,162,477,4676,No,1,18,8,0,8,4,4,3,Travel_Frequently,20,No
1341,Employee_341,56,Female,HR,Executive,High School,Business,Divorced,57951,158,432,3426,No,11,5,1,2,0,4,3,1,Travel_Frequently,6,No
1342,Employee_342,37,Male,R&D,Executive,PhD,Engineering,Married,106179,118,1313,3962,Yes,31,5,11,5,3,2,4,4,Travel_Rarely,39,No
1343,Employee_343,34,Male,R&D,Technician,Master,Business,Divorced,38648,169,1422,1859,Yes,17,19,11,3,1,1,3,2,Travel_Frequently,33,No
1344,Employee_344,51,Male,IT,Analyst,Bachelor,Business,Married,65729,137,561,13048,Yes,33,14,2,6,3,1,2,2,Travel_Frequently,1,No
1345,Employee_345,40,Male,Finance,Developer,Bachelor,Engineering,Divorced,56971,116,225,5138,Yes,32,14,10,2,7,2,3,3,Travel_Frequently,37,Yes
1346,Employee_346,38,Male,R&D,Developer,High School,Medical,Single,33658,124,1248,3424,No,29,19,10,0,7,4,1,2,Non-Travel,6,No
1347,Employee_347,40,Female,Operations,Executive,High School,Business,Married,36253,94,706,11409,No,21,8,3,8,8,2,1,4,Travel_Frequently,34,No
1348,Employee_348,49,Male,HR,Analyst,Bachelor,Engineering,Divorced,79166,53,466,5017,Yes,21,3,4,5,4,3,1,2,Travel_Rarely,15,No
1349,Employee_349,47,Female,Operations,Analyst,PhD,Business,Single,63563,156,660,11451,Yes,23,17,0,7,6,1,3,2,Travel_Rarely,26,Yes
1350,Employee_350,58,Female,Operations,Technician,PhD,Science,Single,41390,100,655,11278,Yes,6,17,6,2,2,3,1,1,Travel_Frequently,14,No
1351,Employee_351,47,Male,HR,Scientist,Master,Medical,Divorced,103664,99,1291,11996,No,22,4,9,7,9,2,1,1,Travel_Rarely,7,Yes
1352,Employee_352,44,Male,Operations,Developer,PhD,Arts,Married,66578,55,1206,2134,Yes,8,19,6,1,3,2,1,4,Non-Travel,31,No
1353,Employee_353,30,Male,R&D,Technician,High School,Business,Married,94025,108,1062,6119,Yes,11,10,8,3,9,4,2,3,Travel_Frequently,24,Yes
1354,Employee_354,33,Male,Finance,Manager,High School,Science,Single,118850,174,690,6694,No,24,4,3,2,8,4,3,1,Travel_Rarely,31,No
1355,Employee_355,22,Female,HR,Developer,PhD,Arts,Married,47658,192,1272,5164,No,21,3,5,9,9,4,3,3,Travel_Rarely,29,No
1356,Employee_356,22,Male,IT,Technician,High School,Arts,Married,21852,79,763,19730,Yes,2,11,10,0,9,3,4,4,Travel_Frequently,32,No
1357,Employee_357,55,Male,Operations,Developer,Bachelor,Business,Married,109986,171,1325,6039,No,19,1,1,6,0,4,3,1,Travel_Rarely,17,No
1358,Employee_358,53,Male,HR,Scientist,Bachelor,Engineering,Single,17551,174,415,15631,Yes,28,12,11,9,1,2,2,3,Travel_Frequently,14,Yes
1359,Employee_359,46,Male,Sales,Manager,PhD,Business,Divorced,86947,86,758,11442,No,17,9,11,1,4,4,3,1,Travel_Rarely,36,No
1360,Employee_360,22,Male,Sales,Scientist,Bachelor,Science,Married,76001,173,358,9252,Yes,6,8,3,3,2,1,2,4,Non-Travel,24,No
1361,Employee_361,37,Male,Finance,Manager,Bachelor,Arts,Single,64159,150,688,18721,Yes,19,9,1,8,1,4,2,4,Travel_Rarely,27,No
1362,Employee_362,26,Female,R&D,Executive,Master,Business,Single,66707,84,885,18568,Yes,28,6,9,5,0,3,3,1,Travel_Rarely,25,No
1363,Employee_363,43,Female,Finance,Technician,Master,Engineering,Divorced,48243,136,1465,2551,Yes,2,3,4,7,9,1,4,3,Travel_Frequently,32,No
1364,Employee_364,50,Male,Finance,Manager,Bachelor,Business,Married,36800,183,993,13625,No,4,18,6,1,2,1,1,2,Travel_Rarely,18,Yes
1365,Employee_365,24,Male,Finance,Scientist,PhD,Medical,Married,90939,67,204,2629,No,22,9,0,6,0,1,1,2,Travel_Frequently,18,No
1366,Employee_366,33,Male,Finance,Developer,Master,Engineering,Divorced,72828,162,560,18910,No,26,2,9,5,0,3,3,1,Non-Travel,37,No
1367,Employee_367,47,Female,IT,Manager,High School,Science,Divorced,22239,78,658,2361,No,13,18,9,8,0,2,3,3,Travel_Frequently,26,No
1368,Employee_368,37,Male,IT,Technician,High School,Arts,Single,21710,126,447,5370,Yes,32,1,6,6,7,4,2,2,Travel_Frequently,9,No
1369,Employee_369,58,Female,HR,Manager,High School,Business,Single,36384,108,1145,6283,Yes,17,19,9,0,2,1,3,4,Travel_Rarely,35,No
1370,Employee_370,43,Male,Sales,Analyst,PhD,Engineering,Divorced,36038,175,621,8610,No,19,9,5,7,0,1,2,3,Non-Travel,8,No
1371,Employee_371,50,Male,Finance,Developer,Bachelor,Medical,Married,55846,194,214,11558,No,28,1,5,9,6,1,4,2,Travel_Frequently,20,Yes
1372,Employee_372,35,Male,HR,Technician,High School,Engineering,Single,102983,158,935,15924,No,1,1,11,2,9,2,3,3,Travel_Rarely,22,No
1373,Employee_373,49,Male,Sales,Technician,PhD,Medical,Single,82821,71,1345,15839,No,18,16,7,1,2,2,1,1,Travel_Rarely,19,Yes
1374,Employee_374,26,Female,Operations,Executive,Master,Science,Married,52991,117,476,12949,No,33,15,7,2,7,3,1,3,Travel_Frequently,30,Yes
1375,Employee_375,51,Female,R&D,Scientist,Bachelor,Arts,Single,94057,118,652,11626,Yes,12,15,5,5,3,2,3,2,Travel_Rarely,28,No
1376,Employee_376,26,Male,IT,Executive,Master,Science,Married,21971,98,797,2993,Yes,8,13,2,2,3,4,2,1,Travel_Frequently,35,No
1377,Employee_377,33,Male,Operations,Technician,PhD,Business,Married,44139,190,645,1869,Yes,24,6,4,9,4,3,1,3,Travel_Frequently,11,No
1378,Employee_378,37,Female,Sales,Developer,High School,Engineering,Married,100445,158,409,2014,No,16,10,1,4,5,3,2,4,Travel_Frequently,31,Yes
1379,Employee_379,47,Female,Operations,Manager,High School,Medical,Divorced,92067,135,913,11103,No,4,0,4,5,6,4,3,2,Non-Travel,39,No
1380,Employee_380,47,Female,R&D,Manager,PhD,Medical,Divorced,95257,102,501,17986,No,27,10,8,7,3,4,3,1,Travel_Frequently,36,No
1381,Employee_381,42,Female,Sales,Developer,High School,Engineering,Divorced,99742,172,1446,13013,No,9,3,9,6,7,4,1,3,Travel_Rarely,30,No
1382,Employee_382,57,Male,Operations,Technician,Bachelor,Engineering,Married,52711,136,202,1690,Yes,16,6,0,7,5,3,3,4,Non-Travel,23,No
1383,Employee_383,54,Female,IT,Manager,PhD,Business,Married,21530,180,1189,17873,Yes,12,14,9,2,0,3,4,2,Travel_Rarely,19,No
1384,Employee_384,51,Male,IT,Manager,Master,Science,Divorced,26116,91,1316,11748,No,31,17,4,3,0,3,4,4,Non-Travel,12,No
1385,Employee_385,58,Female,HR,Manager,PhD,Medical,Single,80794,147,719,9024,Yes,24,11,11,5,8,4,1,3,Non-Travel,15,No
1386,Employee_386,44,Female,Operations,Scientist,Bachelor,Business,Married,15282,158,692,17678,Yes,14,16,5,6,9,4,4,3,Non-Travel,31,No
1387,Employee_387,31,Female,Finance,Scientist,Bachelor,Science,Single,94473,100,1458,6488,No,25,0,10,8,5,1,2,1,Non-Travel,37,No
1388,Employee_388,26,Female,Operations,Analyst,PhD,Business,Single,16898,134,819,12035,No,34,10,6,0,9,2,1,4,Travel_Rarely,37,Yes
1389,Employee_389,57,Female,Sales,Executive,PhD,Medical,Married,19135,176,1384,19257,No,3,0,8,7,7,1,1,1,Travel_Frequently,15,No
1390,Employee_390,55,Male,Sales,Developer,High School,Engineering,Married,21629,70,530,13855,No,24,14,5,7,6,4,2,2,Travel_Rarely,29,No
1391,Employee_391,52,Male,Operations,Developer,Bachelor,Engineering,Single,100120,93,532,3817,No,9,9,4,5,5,3,4,1,Travel_Frequently,26,Yes
1392,Employee_392,31,Female,R&D,Developer,PhD,Science,Single,104087,188,249,5458,No,26,6,11,3,3,4,4,2,Travel_Rarely,2,Yes
1393,Employee_393,40,Female,IT,Analyst,PhD,Arts,Divorced,80031,152,1062,6307,Yes,20,1,6,2,6,2,4,3,Non-Travel,20,No
1394,Employee_394,53,Male,Sales,Scientist,Bachelor,Science,Divorced,48380,117,471,9933,Yes,10,9,0,2,8,1,1,3,Non-Travel,15,Yes
1395,Employee_395,22,Female,IT,Technician,PhD,Arts,Married,32071,178,779,19425,No,19,3,10,5,9,1,1,4,Travel_Frequently,4,No
1396,Employee_396,26,Female,Sales,Technician,High School,Business,Divorced,35074,141,1475,18063,Yes,3,11,4,7,9,3,4,2,Travel_Frequently,22,No
1397,Employee_397,25,Male,HR,Analyst,Bachelor,Business,Divorced,105724,73,759,11659,No,24,18,1,6,6,1,3,3,Travel_Rarely,38,No
1398,Employee_398,37,Female,Finance,Technician,High School,Medical,Divorced,82843,174,895,6738,No,5,10,3,0,0,1,4,4,Travel_Frequently,23,Yes
1399,Employee_399,45,Female,Sales,Developer,High School,Arts,Divorced,54901,190,1313,6668,No,3,7,6,5,9,4,2,4,Travel_Rarely,26,No
1400,Employee_400,37,Male,IT,Executive,High School,Medical,Single,26205,160,645,15427,No,27,17,4,6,8,1,1,1,Travel_Frequently,11,No
